task_id,category,difficulty,condition,trial,correctness,completeness,quality,verification,latency_seconds,execution_cost_usd,judge_cost_usd,total_cost_usd,subtask_count,reassignments,reasoning
R1,research,easy,naive,1,10,10,9,PASS,6.08,0.003627,0.004299,0.007926,1,0,"The output is factually accurate, correctly identifying DeepMind as the developer and providing both 2018 (AlphaFold 1) and 2020 (AlphaFold 2) release dates. It goes beyond the basic question to provide comprehensive context about the timeline, CASP competitions, and the public database release. The information is well-structured with clear formatting, bullet points, and proper sourcing. The output meets all acceptance criteria by containing 'DeepMind' and both '2018' and '2020' dates. The only minor point is that it provides more detail than strictly necessary, but this enhances rather than detracts from the response quality."
R1,research,easy,delegato,1,10,10,9,PASS,10.12,0.006699,0.004299,0.010998,1,0,"The output is factually accurate, correctly identifying DeepMind as the developer and providing both 2018 (AlphaFold 1) and 2020 (AlphaFold 2) release dates. It goes beyond the basic question to provide comprehensive context about the timeline, CASP competitions, and the public database release. The information is well-structured with clear formatting, bullet points, and proper sourcing. The output meets all acceptance criteria by containing 'DeepMind' and both '2018' and '2020' dates. The only minor point is that it provides more detail than strictly necessary, but this enhances rather than detracts from the response quality."
R4,research,medium,naive,1,9,9,9,PASS,19.84,0.013854,0.008067,0.021921,1,0,"The output demonstrates strong performance across all dimensions. CORRECTNESS (9/10): The technical information is highly accurate, including specific qubit counts (IBM Condor 1,121 qubits, Google Sycamore 70 qubits, IonQ 32 qubits), company approaches, and technical challenges. The quantum supremacy claim timing and error rate ranges are correct. Minor deduction for some forward-looking statements that could become outdated. COMPLETENESS (9/10): Excellently addresses the task by covering 5 companies (exceeding the 3+ requirement) with distinct approaches: superconducting (IBM, Google), trapped ion (IonQ), neutral atom (Atom Computing), and photonic (PsiQuantum). Includes current capabilities, limitations, and outlook. QUALITY (9/10): Well-structured with clear headings, professional tone, specific technical details, and proper sourcing. The writing is accessible yet technically sophisticated. VERIFICATION (PASS): Fully meets all acceptance criteria - covers 5+ companies with named approaches, includes specific qubit counts and milestones throughout, and maintains technical accuracy. The output goes beyond minimum requirements while remaining factually sound."
R4,research,medium,delegato,1,9,9,9,PASS,30.32,0.025236,0.008067,0.033303,1,0,"The output demonstrates strong performance across all dimensions. CORRECTNESS (9/10): The technical information is highly accurate, including specific qubit counts (IBM Condor 1,121 qubits, Google Sycamore 70 qubits, IonQ 32 qubits), company approaches, and technical challenges. The quantum supremacy claim timing and error rate ranges are correct. Minor deduction for some forward-looking statements that could become outdated. COMPLETENESS (9/10): Excellently addresses the task by covering 5 companies (exceeding the 3+ requirement) with distinct approaches: superconducting (IBM, Google), trapped ion (IonQ), neutral atom (Atom Computing), and photonic (PsiQuantum). Includes current capabilities, limitations, and outlook. QUALITY (9/10): Well-structured with clear headings, professional tone, specific technical details, and proper sourcing. The writing is accessible yet technically sophisticated. VERIFICATION (PASS): Fully meets all acceptance criteria - covers 5+ companies with named approaches, includes specific qubit counts and milestones throughout, and maintains technical accuracy. The output goes beyond minimum requirements while remaining factually sound."
C1,coding,easy,naive,1,10,10,9,PASS,14.98,0.000264,0.005499,0.005763,1,0,"The function is logically sound and correctly implements the algorithm by converting to a set to remove duplicates, checking for sufficient unique values, sorting in descending order, and returning the second element. It addresses all parts of the task including edge case handling. The code is well-structured with clear documentation, meaningful variable names, and helpful comments. Testing against the acceptance criteria: [1,2,3,4,5] returns 4 ✓, [5,5,4,3] returns 4 ✓, [1] returns None ✓, [] returns None ✓, [3,3,3] returns None ✓. All test cases pass. The only minor improvement could be slightly more concise variable naming, but overall this is an excellent solution."
C1,coding,easy,delegato,1,10,10,9,PASS,15.2,0.006786,0.005466,0.012252,1,0,"The function is logically sound and correctly implements the algorithm by removing duplicates with a set, checking for sufficient unique values, and sorting to find the second largest. It handles all edge cases properly. The code is complete, addressing all task requirements with proper documentation and examples. The quality is high with clear structure, good variable names, comprehensive docstring, and helpful comments. However, there's a minor discrepancy in one example output comment (shows 20 instead of 10 for [10,20,30,20]). All acceptance criteria test cases pass: [1,2,3,4,5]→4, [5,5,4,3]→4, [1]→None, []→None, [3,3,3]→None."
C4,coding,medium,naive,1,8,9,9,PASS,21.31,0.000606,0.007623,0.008229,1,0,"The code correctly implements all required features: imports httpx, has get/post methods, includes retry logic with exponential backoff (2^attempt capped at 30s), and proper timeout handling. The retry logic is sound - it retries on RequestError (network issues) but not on HTTPStatusError (4xx/5xx responses), which is appropriate. Minor deduction in correctness because the retry loop doesn't handle the final attempt properly (should retry max_retries times, not max_retries-1). The code is well-structured with proper type hints, documentation, logging, and error handling. Completeness is high as it addresses all task requirements plus extras like logging and proper resource cleanup. Quality is excellent with clear code organization, meaningful variable names, and comprehensive documentation."
C4,coding,medium,delegato,1,9,10,9,PASS,27.22,0.013111,0.007149,0.02026,1,0,"The code correctly implements all required features: imports httpx, includes GET and POST methods, implements proper retry logic with exponential backoff (2^attempt capped at 30 seconds), and handles timeouts. The retry logic correctly catches both RequestError and HTTPStatusError exceptions, applies backoff between retries, and re-raises the final exception after max retries. The exponential backoff formula is mathematically sound. The code is well-structured with clear documentation, proper type hints, and follows Python best practices. It addresses all parts of the task completely. Minor deduction in correctness for not handling edge cases like non-JSON responses, and minor deduction in quality for the simple backoff implementation (could be more sophisticated), but overall this is a solid, production-ready implementation that meets all acceptance criteria."
A1,analysis,easy,naive,1,9,8,8,FAIL,12.72,0.000465,0.005952,0.006417,1,0,"The output is factually accurate and provides sound technical reasoning about both architectures. However, it fails the verification criteria by providing 10 pros and 10 cons total (5 for each architecture type) rather than the required format of 5 pros and 5 cons specifically comparing microservices vs monolithic. The content is well-structured and highly relevant to the startup context, addressing team size constraints, cost considerations, and complexity management. The analysis correctly identifies key trade-offs like simplicity vs scalability and operational overhead vs flexibility. While the information quality is excellent, the format doesn't match the JSON structure requirement with pros/cons arrays of length 5 each."
A1,analysis,easy,delegato,1,9,10,9,FAIL,13.6,0.010824,0.004713,0.015537,1,0,"The output is highly accurate with well-researched pros and cons that are factually sound and logically presented. It completely addresses the task by providing exactly 5 pros and 5 cons specifically contextualized for a 5-engineer startup. The content is well-structured with clear headings, detailed explanations, and professional presentation. However, it fails the verification criteria because the output is in markdown format rather than the required JSON format with 'pros' and 'cons' arrays of length 5 each. Despite the high quality content, the format requirement was not met."
A4,analysis,medium,naive,1,8,7,8,FAIL,10.74,0.00037,0.005949,0.006319,1,0,"The SWOT analysis is well-structured and contains all four quadrants with relevant points for the AI code review market. The content is factually accurate regarding market trends like remote work and growing demand for code quality. However, it fails the verification criteria in two key areas: 1) While it mentions GitHub Copilot, CodeRabbit, and Sourcery, it doesn't provide specific details about these real competitors or their market positions, and 2) The technical barriers mentioned are too generic ('significant expertise in machine learning and software engineering') rather than identifying specific technical challenges like training data quality, model accuracy for different programming languages, real-time processing requirements, or integration complexity with existing development workflows. The analysis would benefit from more specific competitor analysis and detailed technical barriers to fully meet the acceptance criteria."
A4,analysis,medium,delegato,1,9,10,9,PASS,39.35,0.033453,0.008022,0.041475,1,0,"The SWOT analysis demonstrates high correctness with accurate market insights, realistic technical barriers (AI model dependencies, IP concerns, scaling challenges), and proper identification of real competitors (GitHub Copilot, CodeRabbit, Sourcery). It achieves perfect completeness by thoroughly addressing all four SWOT quadrants with detailed, specific points rather than generic statements. The quality is excellent with clear structure, professional presentation, and logical flow, though it could be slightly more concise. The analysis fully meets all acceptance criteria: contains all 4 SWOT quadrants, names the specified real competitors, identifies specific technical barriers (AI infrastructure scaling, model dependencies, integration complexity), and provides grounded reasoning based on actual market conditions and technological realities rather than generic business advice."
W1,writing,easy,naive,1,10,10,9,PASS,3.84,0.002571,0.003876,0.006447,1,0,"The output is factually accurate and logically structured as a professional email declining a meeting. It addresses all task requirements: declining the invitation, explaining the scheduling conflict, and providing 3 alternative time slots. The email is well-structured with appropriate salutation, body, and closing. The tone is professional and courteous throughout. Word count is approximately 85 words, meeting the <100 word requirement. All 3 time slots are clearly listed with specific days and times. The only minor consideration is the use of placeholder brackets [Name], [Date], [Your Name] which is actually appropriate for a template format."
W1,writing,easy,delegato,1,10,10,9,PASS,7.32,0.005265,0.003876,0.009141,1,0,"The output is factually accurate and logically structured as a professional email declining a meeting. It addresses all task requirements: declining the invitation, explaining the scheduling conflict, and providing 3 alternative time slots. The email is well-structured with appropriate salutation, body, and closing. The tone is professional and courteous throughout. Word count is approximately 85 words, meeting the <100 word requirement. All 3 time slots are clearly listed with specific days and times. The only minor consideration is the use of placeholder brackets [Name], [Date], [Your Name] which is actually appropriate for a template format."
W4,writing,medium,naive,1,9,9,8,PASS,13.85,0.008649,0.006126,0.014775,1,0,"The output meets all acceptance criteria with 398 words (within 350-450 range), clear intro/body/conclusion structure, and 3 distinct arguments. CORRECTNESS: The content is factually accurate about open-source LLMs vs proprietary APIs, with sound logical reasoning about costs, privacy, and customization benefits. COMPLETENESS: All task requirements are addressed - introduction sets context, three main arguments are presented with specific supporting points (cost predictability, data sovereignty, competitive differentiation), and conclusion ties everything together. QUALITY: Well-structured with clear headings, professional tone, and good flow. The writing is engaging and uses specific examples (viral features causing cost spikes, regulatory compliance needs). Minor deduction for some slightly generic phrasing in places, but overall maintains specificity as required. VERIFICATION: Passes all criteria - correct word count, proper structure, three distinct arguments each with specific reasoning rather than generic statements."
W4,writing,medium,delegato,1,9,10,9,PASS,25.17,0.018132,0.005646,0.023778,1,0,"The output demonstrates high correctness with factually accurate information about open-source LLMs, API pricing models, and technical considerations. All claims are logically sound and well-supported. Completeness is excellent - it includes a clear introduction, exactly 3 distinct main arguments (cost control, data privacy, technical independence), each with specific supporting points, and a strong conclusion. The quality is very high with professional writing, clear structure, and engaging content. The verification passes all criteria: word count is approximately 420 words (within 350-450 range), has clear intro/body/conclusion structure, presents 3 distinct arguments, and each argument is supported with specific reasoning rather than generic statements. The arguments are well-differentiated and provide concrete examples and implications for startups."
